{
	"credit": "End_Rage waz here",
	"parent": "block/block",
	"textures": {
		"particle": "computercraft:block/cable_side",
		"end": "computercraft:block/cable_core"
	},
	"elements": [
		{
			"from": [6, 6, 6],
			"to": [10, 10, 10],
			"faces": {
				"north": {"uv": [0, 0, 4, 4], "texture": "#end"},
				"east": {"uv": [4, 0, 8, 4], "texture": "#end"},
				"south": {"uv": [0, 0, 4, 4], "texture": "#end"},
				"west": {"uv": [4, 0, 8, 4], "texture": "#end"},
				"up": {"uv": [4, 0, 8, 4], "rotation": 90, "texture": "#end"},
				"down": {"uv": [4, 0, 8, 4], "rotation": 90, "texture": "#end"}
			}
		},
		{
			"from": [7, 7, 10],
			"to": [9, 9, 11],
			"rotation": {"angle": 0, "axis": "y", "origin": [6, 8, 4]},
			"faces": {
				"north": {"uv": [1, 1, 3, 3], "texture": "#end"},
				"east": {"uv": [0, 4, 1, 6], "texture": "#end"},
				"south": {"uv": [1, 1, 3, 3], "texture": "#end"},
				"west": {"uv": [0, 4, 1, 6], "texture": "#end"},
				"up": {"uv": [0, 4, 2, 5], "texture": "#end"},
				"down": {"uv": [0, 4, 2, 5], "texture": "#end"}
			}
		},
		{
			"from": [7, 7, 5],
			"to": [9, 9, 6],
			"rotation": {"angle": 0, "axis": "y", "origin": [6, 8, 4]},
			"faces": {
				"north": {"uv": [1, 1, 3, 3], "texture": "#end"},
				"east": {"uv": [0, 4, 1, 6], "texture": "#end"},
				"south": {"uv": [1, 1, 3, 3], "texture": "#end"},
				"west": {"uv": [0, 4, 1, 6], "texture": "#end"},
				"up": {"uv": [0, 4, 2, 5], "texture": "#end"},
				"down": {"uv": [0, 4, 2, 5], "texture": "#end"}
			}
		}
	]
}